{
  "Cocacolaz": [
    {
      "id": "taste",
      "num": "1",
      "review_01": ["맛","맛","맛","칼로리","칼로리","칼로리","부담없음","부담없음","걱정","걱정","마음","마음","유통기한","유통기한","유통기한","도착","도착","파손","파손","할인","할인","캔","캔","박스","박스","포장","포장","제품","제품"],
      "review_02": ["칼로리","유통기한","캔","부담없음","걱정","마음","탄산음료","설탕","처음","당","생각","재구매","도착","파손","할인","택배","음료","비닐","문제","쿠폰","행사","박스","포장","제품","사은품","상태","신경","컵","탄산","리뷰"]

    },
    {
      "id": "price",
      "num": "2",
      "review_01": ["가격", "가격", "가격", "할인", "할인", "할인", "쿠폰", "쿠폰", "행사", "행사", "부담없음", "부담없음", "캔", "캔", "캔", "박스", "박스", "포장", "포장", "제품", "제품", "유통기한", "유통기한", "유통기한", "재구매", "재구매", "마음", "마음", "음료", "음료"],
      "review_02": ["할인", "캔", "유통기한", "쿠폰", "행사", "부담없음", "마트", "이용", "아들", "쟁여두다", "탄산음료", "설탕", "박스", "포장", "제품", "파손", "비닐", "사은품", "도착", "상태", "칼로리", "재구매", "마음", "음료", "생각", "다이어트", "판매", "집", "냉장고", "처음"]
    },
    {
      "id": "coke",
      "num": "3",
      "review_01": ["탄산", "탄산", "탄산", "탄산수", "탄산수", "탄산수", "맛", "맛", "가격", "가격", "동원", "동원", "생수", "생수", "생수", "정제수", "정제수", "마음", "마음", "기사", "기사", "가성비", "가성비", "가성비", "최고", "최고", "짱", "짱", "플레인", "플레인"],
      "review_02": ["탄산수", "생수", "가성비", "맛", "가격", "동원", "레몬", "빠르다", "제품", "재구매", "스파클링", "워터", "정제수", "마음", "기사", "샘물", "사용", "물건", "택배", "감사", "배달", "최고", "짱", "플레인", "여름", "음료", "비닐", "벌써", "라임", "품절"]
    },
    {
      "id": "dilivery",
      "num": "4",
      "review_01": ["배송", "배송", "배송", "콜라", "콜라", "콜라", "맛", "맛", "캔", "캔", "가격", "가격", "제로", "제로", "제로", "부담없음", "부담없음", "음료", "음료", "유통기한", "유통기한", "제로콜라", "제로콜라", "제로콜라", "최고", "최고", "다이어트", "다이어트", "할인", "할인"],
      "review_02": ["콜라", "제로", "제로콜라", "맛", "캔", "가격", "탄산", "칼로리", "박스", "포장", "빠르다", "제품", "부담없음", "음료", "유통기한", "탄산음료", "설탕", "집", "생각", "도착", "파손", "최고", "다이어트", "할인", "가성비", "만족", "처음", "아들", "쿠폰", "행사"]
    }
  ] ,
  "PepsiColaZ": [
    {
      "id": "taste",
      "num": "1",
      "review_01": ["맛", "맛", "맛", "콜라", "콜라", "콜라", "최고", "최고", "캔", "캔", "탄산", "탄산", "라임", "라임", "라임", "음료", "음료", "상큼", "상큼", "처음", "처음", "제로콜라", "제로콜라", "제로콜라", "다이어트", "다이어트", "제품", "제품", "진리"],
      "review_02": ["콜라", "라임", "제로콜라", "최고", "캔", "탄산", "칼로리", "가성비", "박스", "슈가", "생각", "부담없음", "음료", "상큼", "처음", "롯데", "재구매", "살짝", "원래", "문제", "입맛", "다이어트", "제품", "진리", "설탕", "기사", "마음", "파손", "팹시"]

    },
    {
      "id": "price",
      "num": "2",
      "review_01": ["가격", "가격", "가격", "콜라", "콜라", "콜라", "최고", "최고", "캔", "캔", "탄산", "탄산", "라임", "라임", "라임", "음료", "음료", "상큼", "상큼", "처음", "처음", "제로콜라", "제로콜라", "제로콜라", "다이어트", "다이어트", "제품", "제품", "진리"],
      "review_02": ["콜라", "라임", "제로콜라", "최고", "캔", "탄산", "칼로리", "가성비", "박스", "슈가", "생각", "부담없음", "음료", "상큼", "처음", "롯데", "재구매", "살짝", "원래", "문제", "입맛", "다이어트", "제품", "진리", "설탕", "기사", "마음", "파손", "팹시"]
    },
    {
      "id": "coke",
      "num": "3",
      "review_01": ["탄산", "탄산", "탄산", "칼로리", "칼로리", "칼로리", "부담없음", "부담없음", "걱정", "걱정", "다이어트", "다이어트", "슈가", "슈가", "슈가", "롯데", "롯데", "재구매", "재구매", "살짝", "생각", "생각", "생각", "문제", "문제", "기분", "기분", "유통기한", "유통기한"],
      "review_02": ["칼로리", "슈가", "생각", "부담없음", "걱정", "다이어트", "설탕", "상큼", "탄산음료", "느낌", "기사", "중독", "롯데", "재구매", "살짝", "공식", "판매", "쿠폰", "용량", "비닐", "문제", "기분", "유통기한", "배달", "아크릴", "사은품", "입맛", "쟁여두다", "여름"]
    },
    {
      "id": "dilivery",
      "num": "4",
      "review_01": ["배송", "배송", "배송", "펩시", "펩시", "펩시", "제로콜라", "제로콜라", "라임", "라임", "콜라", "콜라", "캔", "캔", "캔", "하루", "하루", "처음", "처음", "도착", "도착", "박스", "박스", "박스", "마음", "마음", "쿠폰", "쿠폰"],
      "review_02": ["펩시", "캔", "박스", "제로콜라", "라임", "콜라", "최고", "탄산", "슈가", "음료", "칼로리", "집", "하루", "처음", "도착", "꼭", "기분", "생각", "문제", "파손", "택배", "마음", "비닐", "쿠폰", "빠르다", "품질", "이용", "행사"]
    }
  ] ,
  "BurrZcola": [
    {
      "id": "taste",
      "num": "1",
      "review_01": ["맛", "맛", "맛", "콜라", "콜라", "콜라", "탄산", "탄산", "구매", "구매", "사이다", "사이다", "제로", "제로", "제로", "펩시", "펩시", "음료", "음료", "캔", "캔", "제로콜라", "제로콜라", "제로콜라", "재구매", "재구매", "처음", "처음", "단맛", "단맛"],
      "review_02": ["콜라", "제로", "제로콜라", "탄산", "구매", "사이다", "가격", "가성비", "제품", "배송", "칼로리", "생각", "펩시", "음료", "캔", "코카", "느낌", "부담없음", "탄산음료", "박스", "하루", "재구매", "처음", "단맛", "의사", "마음", "일화", "추천", "설탕", "사람"]

    },
    {
      "id": "price",
      "num": "2",
      "review_01": ["가격", "가격", "가격", "저렴하다", "저렴하다", "저렴하다", "캔", "캔", "제품", "제품", "칼로리", "칼로리", "생각", "생각", "생각", "펩시", "펩시", "느낌", "느낌", "재구매", "재구매", "가성비", "가성비", "가성비", "최고", "최고", "사이다", "사이다", "갑", "갑"],
      "review_02": ["저렴하다", "생각", "가성비", "캔", "제품", "칼로리", "박스", "음료", "빠르다", "처음", "부담없음", "걱정", "펩시", "느낌", "재구매", "코카", "단맛", "맥콜", "별로", "의사", "마음", "최고", "사이다", "갑", "추천", "다이어트", "개인", "나랑드사이다", "두번째", "물"]
    },
    {
      "id": "coke",
      "num": "3",
      "review_01": ["탄산", "탄산", "탄산", "제로콜라", "제로콜라", "제로콜라", "가격", "가격", "펩시", "펩시", "캔", "캔", "가성비", "가성비", "가성비", "최고", "최고", "재구매", "재구매", "사이다", "사이다", "생각", "생각", "생각", "처음", "처음", "단맛", "단맛", "입맛", "입맛"],
      "review_02": ["제로콜라", "가성비", "생각", "가격", "펩시", "캔", "배송", "저렴하다", "코카", "느낌", "박스", "음료", "최고", "재구매", "사이다", "추천", "다이어트", "의사", "칼로리", "개인", "맥콜", "처음", "단맛", "입맛", "일화", "사람", "설탕", "별로", "리뷰", "걱정"]
    },
    {
      "id": "dilivery",
      "num": "4",
      "review_01": ["배송", "배송", "배송", "가성비", "가성비", "가성비", "최고", "최고", "재구매", "재구매", "생각", "생각", "박스", "박스", "박스", "포장", "포장", "음료", "음료", "단맛", "단맛", "캔", "캔", "캔", "하루", "하루", "느낌", "느낌", "리뷰", "리뷰"],
      "review_02": ["가성비", "박스", "캔", "최고", "재구매", "생각", "추천", "다이어트", "의사", "칼로리", "처음", "펩시", "포장", "음료", "단맛", "도착", "감", "부담없음", "탄산음료", "설탕", "사람", "하루", "느낌", "리뷰", "쿠팡", "물", "맥콜", "별로", "돈", "입"]
    }
  ] ,
  "SpriteZ": [
    {
      "id": "taste",
      "num": "1",
      "review_01": ["맛", "맛", "맛", "사이다", "사이다", "사이다", "콜라", "콜라", "제로콜라", "제로콜라", "탄산", "탄산", "칼로리", "칼로리", "칼로리", "걱정", "걱정", "마음", "마음", "탄산음료", "탄산음료", "차이", "차이", "차이", "기존", "기존", "오리지널", "오리지널", "별로", "별로"],
      "review_02": ["사이다", "칼로리", "차이", "콜라", "제로콜라", "탄산", "박스", "처음", "생각", "단맛", "음료", "부담없음", "걱정", "마음", "탄산음료", "냉장고", "살짝", "사은품", "코스터", "다이어트", "탄산수", "기존", "오리지널", "별로", "청량감", "특유", "스프", "하루", "개인", "원래"]

    },
    {
      "id": "price",
      "num": "2",
      "review_01": ["가격", "가격", "가격", "칼로리", "칼로리", "칼로리", "부담없음", "부담없음", "걱정", "걱정", "탄산", "탄산", "사은품", "사은품", "사은품", "코스터", "코스터", "양말", "양말", "라이브", "라이브", "사이다", "사이다", "사이다", "콜라", "콜라", "제로콜라", "제로콜라", "처음", "처음"],
      "review_02": ["칼로리", "사은품", "사이다", "부담없음", "걱정", "탄산", "탄산음료", "설탕", "냉장고", "살짝", "음료", "생각", "코스터", "양말", "라이브", "별로", "슈가", "다이어트", "예쁘다", "나랑드사이다", "청량감", "콜라", "제로콜라", "처음", "박스", "느낌", "단맛", "개인", "차이", "마음"]
    },
    {
      "id": "coke",
      "num": "3",
      "review_01": ["탄산", "탄산", "탄산", "부담없음", "부담없음", "부담없음", "탄산음료", "탄산음료", "설탕", "설탕", "슈가", "슈가", "생각", "생각", "생각", "차이", "차이", "느낌", "느낌", "박스", "박스", "콜라", "콜라", "콜라", "제로콜라", "제로콜라", "처음", "처음", "마음", "마음"],
      "review_02": ["부담없음", "생각", "콜라", "탄산음료", "설탕", "슈가", "다이어트", "탄산수", "단맛", "걱정", "개인", "기존", "차이", "느낌", "박스", "오리지널", "별로", "레몬", "살짝", "비닐", "택배", "제로콜라", "처음", "마음", "재구매", "최고", "사은품", "코스터", "물건", "냉장고"]
    },
    {
      "id": "dilivery",
      "num": "4",
      "review_01": ["배송", "배송", "배송", "캔", "캔", "캔", "포장", "포장", "음료", "음료", "바닥", "바닥", "문제", "문제", "문제", "부분", "부분", "상태", "상태", "냉장고", "냉장고", "박스", "박스", "박스", "도착", "도착", "코스터", "코스터", "재구매", "재구매"],
      "review_02": ["캔", "문제", "박스", "포장", "음료", "바닥", "비닐", "사은품", "최고", "처음", "교환", "보관", "부분", "상태", "냉장고", "별로", "신경", "택배", "물건", "여름", "라이브", "도착", "코스터", "재구매", "파손", "유통기한", "슈가", "기존", "설탕", "집"]
    }
  ] ,
  "ChilsungCiderZ": [
    {
      "id": "taste",
      "num": "1",
      "review_01": ["맛", "맛", "맛", "칼로리", "칼로리", "칼로리", "부담없음", "부담없음", "걱정", "걱정", "음료", "음료", "차이", "차이", "차이", "기존", "기존", "오리지널", "오리지널", "생각", "생각", "콜라", "콜라", "콜라", "제로콜라", "제로콜라", "펩시", "펩시"],
      "review_02": ["칼로리", "차이", "콜라", "부담없음", "걱정", "음료", "할인", "설탕", "당", "탄산음료", "최고", "박스", "기존", "오리지널", "생각", "탄산수", "청량감", "느낌", "용량", "건강", "무라벨", "제로콜라", "펩시", "입", "별로", "아들", "롯데", "여름"]

    },
    {
      "id": "price",
      "num": "2",
      "review_01": ["가격", "가격", "가격", "쿠폰", "쿠폰", "쿠폰", "유통기한", "유통기한", "스마일", "스마일", "만족", "만족", "만족", "라이브", "라이브", "파손", "파손", "방송", "방송", "할인", "할인", "할인", "도착", "도착", "건강"],
      "review_02": ["쿠폰", "만족", "할인", "사용", "유통기한", "스마일", "상태", "기존", "하루", "롯데", "라이브", "파손", "방송", "행사", "집", "당", "배달", "청량감", "벌써", "도착", "애용", "건강", "택배", "탄산수", "입"]
    },
    {
      "id": "coke",
      "num": "3",
      "review_01": ["탄산", "탄산", "탄산", "칼로리", "칼로리", "칼로리", "부담없음", "부담없음", "걱정", "걱정", "음료", "음료", "차이", "차이", "차이", "기존", "기존", "오리지널", "오리지널", "생각", "생각", "콜라", "콜라", "콜라", "제로콜라", "제로콜라", "펩시", "펩시"],
      "review_02": ["칼로리", "차이", "콜라", "부담없음", "걱정", "음료", "할인", "설탕", "당", "탄산음료", "최고", "박스", "기존", "오리지널", "생각", "탄산수", "청량감", "느낌", "용량", "건강", "무라벨", "제로콜라", "펩시", "입", "별로", "아들", "롯데", "여름"]
    },
    {
      "id": "dilivery",
      "num": "4",
      "review_01": ["배송", "배송", "배송", "박스", "박스", "박스", "캔", "캔", "도착", "도착", "할인", "할인", "스마일", "스마일", "스마일", "롯데", "롯데", "별로", "별로", "저렴하다", "저렴하다", "저렴하다", "가격", "가격", "빠르다", "빠르다", "제품", "제품"],
      "review_02": ["박스", "스마일", "저렴하다", "캔", "도착", "할인", "처음", "냉장고", "택배", "파손", "행사", "쿠폰", "하루", "롯데", "별로", "쟁여두다", "상태", "이용", "입", "가격", "빠르다", "제품", "포장", "재구매", "마음", "차이", "가성비", "음료"]
    }
  ] ,
  "BurrZcider": [
    {
      "id": "taste",
      "num": "1",
      "review_01": ["맛", "맛", "맛", "제로", "제로", "제로", "탄산", "탄산", "구매", "구매", "음료", "음료", "칼로리", "칼로리", "칼로리", "부담없음", "부담없음", "재구매", "재구매", "탄산음료", "탄산음료", "나랑드사이다", "나랑드사이다", "나랑드사이다", "콜라", "콜라", "개인", "개인", "끝맛", "끝맛"],
      "review_02": ["제로", "칼로리", "나랑드사이다", "탄산", "구매", "음료", "가격", "단맛", "박스", "제품", "최고", "설탕", "부담없음", "재구매", "탄산음료", "다이어트", "매일", "의사", "가성비", "걱정", "일화", "콜라", "개인", "끝맛", "입", "처음", "브랜드", "별로", "감미료", "파손"]

    },
    {
      "id": "price",
      "num": "2",
      "review_01": ["가격", "가격", "가격", "나랑드사이다", "나랑드사이다", "나랑드사이다", "단맛", "단맛", "개인", "개인", "박스", "박스", "칼로리", "칼로리", "칼로리", "부담없음", "부담없음", "음료", "음료", "재구매", "재구매", "콜라", "콜라", "콜라", "입", "입", "처음", "처음", "일화", "일화"],
      "review_02": ["나랑드사이다", "칼로리", "콜라", "단맛", "개인", "박스", "특유", "탄산수", "브랜드", "별로", "캔", "포장", "부담없음", "음료", "재구매", "다이어트", "탄산음료", "최고", "설탕", "의사", "가성비", "입", "처음", "일화", "비교", "원래", "생각", "제로콜라", "천연", "유통기한"]
    },
    {
      "id": "coke",
      "num": "3",
      "review_01": ["탄산", "탄산", "탄산", "칼로리", "칼로리", "칼로리", "부담없음", "부담없음", "음료", "음료", "재구매", "재구매", "단맛", "단맛", "단맛", "특유", "특유", "탄산수", "탄산수", "살짝", "살짝", "나랑드사이다", "나랑드사이다", "나랑드사이다", "콜라", "콜라", "개인", "개인", "박스", "박스"],
      "review_02": ["칼로리", "단맛", "나랑드사이다", "부담없음", "음료", "재구매", "다이어트", "탄산음료", "최고", "설탕", "의사", "가성비", "특유", "탄산수", "살짝", "끝맛", "감미료", "회사", "브랜드", "별로", "리뷰", "콜라", "개인", "박스", "입", "처음", "청량감", "비교", "캔", "포장"]
    },
    {
      "id": "dilivery",
      "num": "4",
      "review_01": ["배송", "배송", "배송", "박스", "박스", "박스", "포장", "포장", "음료", "음료", "택배", "택배", "캔", "캔", "캔", "집", "집", "콜라", "콜라", "생각", "생각", "도착", "도착", "도착", "파손", "파손", "용량"],
      "review_02": ["박스", "캔", "도착", "포장", "음료", "택배", "부담없음", "상태", "최고", "단맛", "문제", "하루", "집", "콜라", "생각", "알", "벌써", "입", "처음", "설탕", "걱정", "파손", "애용", "용량", "리뷰", "비교", "브랜드"]
    }
  ] ,
  "NarangdCider": [
    {
      "id": "taste",
      "num": "1",
      "review_01": ["맛", "맛", "맛", "칼로리", "칼로리", "칼로리", "부담없음", "부담없음", "탄산", "탄산", "걱정", "걱정", "제로", "제로", "제로", "가격", "가격", "빠르다", "빠르다", "제품", "제품", "사용", "사용", "사용", "기간", "기간", "유효", "유효", "크기", "크기"],
      "review_02": ["칼로리", "제로", "사용", "부담없음", "탄산", "걱정", "설탕", "탄산음료", "다이어트", "음료", "택배", "기분", "가격", "빠르다", "제품", "도움", "작성", "포장", "재구매", "상태", "도착", "기간", "유효", "크기", "의향", "단골", "단맛", "감사", "냉장고", "매일"]

    },
    {
      "id": "price",
      "num": "2",
      "review_01": ["가격", "가격", "가격", "칼로리", "칼로리", "칼로리", "부담없음", "부담없음", "탄산", "탄산", "걱정", "걱정", "사용", "사용", "사용", "작성", "작성", "기간", "기간", "유효", "유효", "도움", "도움", "도움", "상태", "만족", "만족", "도착", "도착"],
      "review_02": ["칼로리", "사용", "도움", "부담없음", "탄산", "걱정", "설탕", "탄산음료", "다이어트", "음료", "택배", "기분", "작성", "기간", "유효", "크기", "의향", "단골", "단맛", "감사", "판매", "상태", "만족", "도착", "기사", "번창", "빠름", "파손", "유통기한"]
    },
    {
      "id": "coke",
      "num": "3",
      "review_01": ["탄산", "탄산", "탄산", "다이어트", "다이어트", "다이어트", "탄산음료", "탄산음료", "최고", "최고", "캔", "캔", "캔", "박스", "박스", "하루", "하루", "처음", "처음", "부담없음", "부담없음", "부담없음", "쿠폰", "쿠폰", "콜라", "콜라", "마음", "마음"],
      "review_02": ["다이어트", "캔", "부담없음", "탄산음료", "최고", "필수", "설탕", "걱정", "탄산수", "도움", "박스", "하루", "처음", "택배", "유통기한", "기분", "매일", "단맛", "용량", "쿠폰", "콜라", "마음", "스마일", "할인", "당", "당뇨", "작성", "의향"]
    },
    {
      "id": "dilivery",
      "num": "4",
      "review_01": ["배송", "배송", "배송", "나랑드사이다", "나랑드사이다", "나랑드사이다", "제로", "제로", "맛", "맛", "탄산", "탄산", "사이다", "사이다", "사이다", "가격", "가격", "최고", "최고", "콜라", "콜라", "칼로리", "칼로리", "칼로리", "설탕", "설탕", "유통기한", "유통기한", "박스", "박스"],
      "review_02": ["나랑드사이다", "사이다", "칼로리", "제로", "맛", "탄산", "부담없음", "음료", "포장", "재구매", "다이어트", "캔", "가격", "최고", "콜라", "제품", "사용", "탄산음료", "걱정", "당", "탄산수", "설탕", "유통기한", "박스", "단맛", "냉장고", "쿠폰", "파손", "택배", "도착"]
    }
  ] ,
  "NobrandSparkling": [
    {
      "id": "taste",
      "num": "1",
      "review_01": ["맛", "맛", "맛", "칼로리", "칼로리", "칼로리", "제로", "제로", "탄산", "탄산", "부담없음", "부담없음", "사이다", "사이다", "사이다", "느낌", "느낌", "대용", "대용", "콜라", "콜라", "라임", "라임", "라임", "스파클링", "스파클링", "망고", "망고", "상큼", "상큼"],
      "review_02": ["칼로리", "사이다", "라임", "제로", "탄산", "부담없음", "탄산음료", "최고", "가격", "단맛", "당", "처음", "느낌", "대용", "콜라", "물", "용량", "갑", "얼음", "가끔", "양", "스파클링", "망고", "상큼", "음료", "품절", "오렌지", "포도", "걱정", "추천"]

    },
    {
      "id": "price",
      "num": "2",
      "review_01": ["가격", "가격", "가격", "품질", "품질", "품질", "만족", "만족", "무난", "무난", "스파클링", "스파클링", "스파클링", "음료", "음료", "제로", "제로", "품절", "품절", "사이다", "사이다", "사이다", "느낌", "느낌", "대용", "대용", "콜라", "콜라"],
      "review_02": ["품질", "스파클링", "사이다", "갑", "만족", "무난", "용량", "청포도", "리터", "사용", "음료", "제로", "품절", "최고", "집", "부담없음", "탄산음료", "망고", "가끔", "느낌", "대용", "콜라", "물", "당", "얼음", "종종", "양", "다이어트"]
    },
    {
      "id": "coke",
      "num": "3",
      "review_01": ["탄산", "탄산", "탄산", "라임", "라임", "라임", "스파클링", "스파클링", "망고", "망고", "상큼", "상큼", "단맛", "단맛", "단맛", "설탕", "설탕", "당", "당", "용량", "제로", "제로", "제로", "탄산음료", "탄산음료", "최고", "최고", "다이어트", "다이어트"],
      "review_02": ["라임", "단맛", "제로", "스파클링", "망고", "상큼", "음료", "품절", "오렌지", "포도", "부담없음", "처음", "설탕", "당", "용량", "물", "얼음", "종종", "리터", "사용", "탄산음료", "최고", "다이어트", "대용", "느낌", "이마트", "에이드", "여름", "만족"]
    },
    {
      "id": "dilivery",
      "num": "4",
      "review_01": ["배송", "배송", "배송", "이용", "이용", "이용", "쓱배송", "쓱배송", "마트", "마트", "가성비", "가성비", "가성비", "최고", "최고", "음료", "음료", "이마트", "이마트", "이마트", "꼭", "꼭", "품질", "품질", "도착"],
      "review_02": ["이용", "가성비", "이마트", "쓱배송", "마트", "종종", "집", "청포도", "비대면", "수고", "최고", "음료", "갑", "탄산음료", "다이어트", "제로", "사이다", "꼭", "품질", "도착", "용량", "물", "만족", "무난", "상태"]
    }
  ] ,
  "WelchsZ": [
    {
      "id": "taste",
      "num": "1",
      "review_01": ["맛", "맛", "맛", "컵", "컵", "컵", "구매", "구매", "사은품", "사은품", "음료", "음료", "포도", "포도", "포도", "품절", "품절", "차이", "차이", "부담없음", "부담없음", "칼로리", "칼로리", "칼로리", "걱정", "걱정", "그대로", "그대로", "단맛", "단맛"],
      "review_02": ["컵", "포도", "칼로리", "구매", "사은품", "음료", "오렌지", "제품", "마음", "이뻐", "탄산", "특유", "품절", "차이", "부담없음", "라이브", "냉장고", "기존", "오리지널", "원래", "느낌", "걱정", "그대로", "단맛", "설탕", "도착", "콜라", "끝맛", "밍밍", "살짝"]
    },
    {
      "id": "price",
      "num": "2",
      "review_01": ["가격", "가격", "가격", "부담없음", "부담없음", "부담없음", "원래", "원래", "느낌", "느낌", "변색", "변색", "생각", "생각", "생각", "캔", "캔", "별로", "별로", "처음", "처음", "걱정", "걱정", "걱정", "설탕", "설탕", "제로웰치스", "오리지널", "오리지널"],
      "review_02": ["부담없음", "생각", "걱정", "원래", "느낌", "변색", "특유", "살짝", "밍밍", "단맛", "도착", "품절", "캔", "별로", "처음", "박스", "웰치스제로", "텀블러", "기대", "출시", "사이다", "설탕", "제로웰치스", "오리지널", "평소", "냉장고", "뒷맛", "콜라", "제로콜라"]
    },
    {
      "id": "coke",
      "num": "3",
      "review_01": ["탄산", "탄산", "탄산", "느낌", "느낌", "느낌", "밍밍", "밍밍", "단맛", "단맛", "살짝", "살짝", "칼로리", "칼로리", "칼로리", "부담없음", "부담없음", "걱정", "걱정", "사은품", "사은품", "생각", "생각", "생각", "캔", "캔", "별로", "별로", "처음", "처음"],
      "review_02": ["느낌", "칼로리", "생각", "밍밍", "단맛", "살짝", "끝맛", "오리", "특유", "그대로", "이뻐", "콜라", "부담없음", "걱정", "사은품", "원래", "변색", "설탕", "도착", "마음", "빠르다", "캔", "별로", "처음", "박스", "웰치스제로", "기대", "텀블러", "출시", "사이다"]
    },
    {
      "id": "dilivery",
      "num": "4",
      "review_01": ["배송", "배송", "배송", "사은품", "사은품", "사은품", "마음", "마음", "이뻐", "이뻐", "빠르다", "빠르다", "포도", "포도", "포도", "오렌지", "오렌지", "음료", "음료", "탄산", "탄산", "도착", "도착", "도착", "박스", "박스", "기대", "기대", "평소", "평소"],
      "review_02": ["사은품", "포도", "도착", "마음", "이뻐", "빠르다", "변색", "차이", "유리컵", "끝맛", "제품", "가격", "오렌지", "음료", "탄산", "품절", "기존", "칼로리", "특유", "느낌", "생각", "박스", "기대", "평소", "별로", "편의점", "크게", "제로웰치스", "스포", "냉장고"]
    }
  ] ,
  "OneamSparkling": [
    {
      "id": "taste",
      "num": "1",
      "review_01": ["맛", "맛", "맛", "애플", "애플", "애플", "라임", "라임", "파인애플", "파인애플", "베리", "베리", "칼로리", "칼로리", "칼로리", "제로", "제로", "탄산", "탄산", "부담없음", "부담없음", "탄산수", "탄산수", "탄산수", "최고", "최고", "배송", "배송", "생각", "생각"],
      "review_02": ["애플", "칼로리", "탄산수", "라임", "파인애플", "베리", "음료", "재구매", "개인", "환타", "처음", "플레인", "제로", "탄산", "부담없음", "사이다", "탄산음료", "다이어트", "콜라", "당", "상큼", "최고", "배송", "생각", "가격", "닭가슴살", "빠르다", "제품", "단맛", "별로"]
    },
    {
      "id": "price",
      "num": "2",
      "review_01": ["가격", "가격", "가격", "부담없음", "부담없음", "부담없음", "사이다", "사이다", "당", "당", "상큼", "상큼", "저렴하다", "저렴하다", "저렴하다", "하루", "하루", "예정", "예정", "별로", "별로", "박스", "박스", "박스", "캔", "캔", "걱정", "걱정"],
      "review_02": ["부담없음", "저렴하다", "박스", "사이다", "당", "상큼", "제로콜라", "단맛", "물", "중독", "입", "냉장고", "하루", "예정", "별로", "추가", "남편", "가족", "몇번", "플레인", "개인", "캔", "다마", "걱정", "원래", "설탕", "아들", "지인"]
    },
    {
      "id": "coke",
      "num": "3",
      "review_01": ["탄산", "탄산", "탄산", "다이어트", "다이어트", "다이어트", "탄산음료", "탄산음료", "사은품", "사은품", "닭가슴살", "닭가슴살", "제로", "제로", "제로", "사이다", "사이다", "콜라", "콜라", "스파클링", "스파클링", "라임", "라임", "라임", "베리", "베리", "파인애플", "파인애플", "음료", "음료"],
      "review_02": ["다이어트", "제로", "라임", "탄산음료", "사은품", "닭가슴살", "부담없음", "최고", "처음", "생각", "입맛", "박스", "사이다", "콜라", "스파클링", "제로콜라", "단맛", "추천", "서비스", "중독", "마음", "베리", "파인애플", "음료", "개인", "플레인", "환타", "오렌지", "대용", "느낌"]
    },
    {
      "id": "dilivery",
      "num": "4",
      "review_01": ["배송", "배송", "배송", "라임", "라임", "라임", "베리", "베리", "음료", "음료", "재구매", "재구매", "서비스", "서비스", "서비스", "닭가슴살", "닭가슴살", "박스", "박스", "포장", "포장", "파인애플", "파인애플", "파인애플", "환타", "환타", "오렌지", "오렌지", "최고", "최고"],
      "review_02": ["라임", "서비스", "파인애플", "베리", "음료", "재구매", "처음", "개인", "제로", "다이어트", "제품", "탄산음료", "닭가슴살", "박스", "포장", "생각", "입맛", "플레인", "중독", "별로", "마음", "환타", "오렌지", "최고", "하루", "만족", "데미소다", "상큼", "콜라", "가격"]
    }
  ] ,
  "Victoria": [
    {
      "id": "taste",
      "num": "1",
      "review_01": ["맛", "맛", "맛", "청포도", "청포도", "청포도", "복숭아", "복숭아", "자몽", "자몽", "처음", "처음", "파인애플", "파인애플", "파인애플", "키위", "키위", "음료", "음료", "추천", "추천", "레몬", "레몬", "레몬", "집", "집", "청", "청", "선택", "선택"],
      "review_02": ["청포도", "파인애플", "레몬", "복숭아", "자몽", "처음", "배", "개인", "라임", "플레인", "비비", "밸런스핏", "키위", "음료", "추천", "플러스", "베리베리", "탄산음료", "콜라", "느낌", "생각", "집", "청", "선택", "냉장고", "필수", "에이드", "꼭", "가지", "부담없음"]
    },
    {
      "id": "price",
      "num": "2",
      "review_01": ["가격", "가격", "가격", "저렴하다", "저렴하다", "저렴하다", "마음", "마음", "최고", "최고", "음료", "음료", "청포도", "청포도", "청포도", "복숭아", "복숭아", "자몽", "자몽", "처음", "처음", "박스", "박스", "박스", "포장", "포장", "택배", "택배", "집", "집"],
      "review_02": ["저렴하다", "청포도", "박스", "마음", "최고", "음료", "느낌", "상큼", "가성비", "파인애플", "탄산음료", "레몬", "복숭아", "자몽", "처음", "배", "개인", "라임", "플레인", "비비", "밸런스핏", "포장", "택배", "집", "도착", "유통기한", "맥주", "필수", "냉장고", "쟁여두다"]
    },
    {
      "id": "coke",
      "num": "3",
      "review_01": ["탄산", "탄산", "탄산", "청포도", "청포도", "청포도", "파인애플", "파인애플", "복숭아", "복숭아", "레몬", "레몬", "탄산음료", "탄산음료", "탄산음료", "사이다", "사이다", "느낌", "느낌", "물", "물", "콜라", "콜라", "콜라", "추천", "추천", "중독", "중독", "종류", "종류"],
      "review_02": ["청포도", "탄산음료", "콜라", "파인애플", "복숭아", "레몬", "자몽", "배", "개인", "여러가지", "라임", "플레인", "사이다", "느낌", "물", "선택", "하루", "에너지", "비타비", "부담없음", "생각", "추천", "중독", "종류", "청량감", "꼭", "칼로리", "정착", "별로", "재미"]
    },
    {
      "id": "dilivery",
      "num": "4",
      "review_01": ["배송", "배송", "배송", "박스", "박스", "박스", "포장", "포장", "파인애플", "파인애플", "택배", "택배", "청포도", "청포도", "청포도", "레몬", "레몬", "배", "배", "플레인", "플레인", "처음", "처음", "처음", "비비", "비비", "밸런스핏", "밸런스핏"],
      "review_02": ["박스", "청포도", "처음", "포장", "파인애플", "택배", "라임", "도착", "복숭아", "자몽", "맥주", "필수", "레몬", "배", "플레인", "집", "개인", "키위", "꼭", "청", "상큼", "비비", "밸런스핏", "베리베리", "비타비", "에너지", "다이어트", "느낌"]
    }
  ] ,
  "Minemine": [
    {
      "id": "taste",
      "num": "1",
      "review_01": ["맛", "맛", "맛", "레몬", "레몬", "레몬", "라임", "라임", "청", "청", "품절", "품절", "플레인", "플레인", "플레인", "정제수", "정제수", "유통기한", "유통기한", "샘물", "처음", "처음", "처음", "탄산음료", "탄산음료", "워터", "워터", "포장", "포장"],
      "review_02": ["레몬", "플레인", "처음", "라임", "청", "품절", "생각", "도착", "과일", "에이드", "쟁여두다", "브랜드", "정제수", "유통기한", "샘물", "사용", "편이", "택배", "느낌", "할인", "탄산음료", "워터", "포장", "음료", "콜라", "비닐", "수고", "박스", "물"]

    },
    {
      "id": "price",
      "num": "2",
      "review_01": ["가격", "가격", "가격", "동원", "동원", "동원", "워터", "워터", "처음", "처음", "정제수", "정제수", "레몬", "레몬", "레몬", "플레인", "플레인", "청", "청", "여름", "여름", "스파클링", "스파클링", "스파클링", "포장", "포장", "택배", "택배", "추천", "추천"],
      "review_02": ["동원", "레몬", "스파클링", "워터", "처음", "정제수", "품절", "비닐", "라임", "느낌", "샘물", "사용", "플레인", "청", "여름", "유통기한", "에이드", "과일", "음료", "냉장고", "물", "포장", "택배", "추천", "박스", "도착", "기사", "감사", "생각", "청량감"]
    },
    {
      "id": "coke",
      "num": "3",
      "review_01": ["탄산", "탄산", "탄산", "탄산수", "탄산수", "탄산수", "맛", "맛", "가격", "가격", "동원", "동원", "생수", "생수", "생수", "정제수", "정제수", "마음", "마음", "기사", "기사", "가성비", "가성비", "가성비", "최고", "최고", "짱", "짱", "플레인", "플레인"],
      "review_02": ["탄산수", "생수", "가성비", "맛", "가격", "동원", "레몬", "빠르다", "제품", "재구매", "스파클링", "워터", "정제수", "마음", "기사", "샘물", "사용", "물건", "택배", "감사", "배달", "최고", "짱", "플레인", "여름", "음료", "비닐", "벌써", "라임", "품절"]
    },
    {
      "id": "dilivery",
      "num": "4",
      "review_01": ["배송", "배송", "배송", "탄산수", "탄산수", "탄산수", "맛", "맛", "가격", "가격", "동원", "동원", "기사", "기사", "기사", "감사", "감사", "배달", "배달", "쿠폰", "쿠폰", "유통기한", "유통기한", "유통기한", "도착", "도착", "택배", "택배", "정제수", "정제수"],
      "review_02": ["탄산수", "기사", "유통기한", "맛", "가격", "동원", "레몬", "빠르다", "제품", "재구매", "스파클링", "워터", "감사", "배달", "쿠폰", "편이", "수고", "새벽", "냉장고", "할인", "이용", "도착", "택배", "정제수", "박스", "하루", "물건", "느낌", "샘물", "사용"]
    }
  ] ,
  "Trevi": [
    {
      "id": "taste",
      "num": "1",
      "review_01": ["맛", "맛", "맛", "자몽", "자몽", "자몽", "에이드", "에이드", "플레인", "플레인", "입맛", "레몬", "레몬", "레몬", "청", "청", "사이다", "사이다", "마음", "마음", "용량", "용량", "용량", "부담없음", "부담없음", "냉장고", "냉장고"],
      "review_02": ["자몽", "레몬", "용량", "에이드", "플레인", "입맛", "집", "과일", "품절", "상큼", "남편", "청", "사이다", "마음", "오미자", "매실", "칼로리", "물", "기사", "유통기한", "부담없음", "매일", "냉장고", "비닐", "갈증", "쟁여두다", "필수"]

    },
    {
      "id": "price",
      "num": "2",
      "review_01": ["가격", "가격", "가격", "품질", "품질", "품질", "양도", "양도", "추천", "추천", "마음", "마음", "마트", "마트", "마트", "상태", "매일", "이마트", "이마트", "이마트", "쓱배송", "쓱배송", "생각", "생각", "감사", "감사"],
      "review_02": ["품질", "마트", "이마트", "양도", "추천", "마음", "맥주", "부담없음", "사용", "필수", "기사", "유통기한", "상태", "매일", "입맛", "회사", "남편", "쓱배송", "생각", "감사", "비닐", "입", "크기", "처음", "번창", "중독"]
    },
    {
      "id": "coke",
      "num": "3",
      "review_01": ["탄산", "탄산", "탄산", "여름", "여름", "여름", "필수", "필수", "음료", "음료", "청", "청", "사이즈", "사이즈", "사이즈", "냉장고", "냉장고", "에이드", "에이드", "마음", "마음", "콜라", "콜라", "콜라", "사이다", "사이다", "맥주", "맥주", "칼로리"],
      "review_02": ["여름", "사이즈", "콜라", "필수", "음료", "청", "구비", "간식", "집", "최고", "과일", "오미자", "냉장고", "에이드", "마음", "쟁여두다", "부담없음", "매실", "양", "기사", "유통기한", "사이다", "맥주", "칼로리", "물", "생각", "비닐", "상큼", "입맛"]
    },
    {
      "id": "dilivery",
      "num": "4",
      "review_01": ["배송", "배송", "배송", "저렴하다", "저렴하다", "저렴하다", "가격", "가격", "빠르다", "빠르다", "포장", "포장", "가성비", "가성비", "가성비", "애용", "애용", "생각", "생각", "이용", "이용", "감사", "감사", "감사", "중독", "중독", "오미자", "오미자"],
      "review_02": ["저렴하다", "가성비", "감사", "가격", "빠르다", "포장", "품질", "마트", "재구매", "도착", "박스", "비닐", "애용", "생각", "이용", "상태", "배달", "기사", "크기", "이마트", "쓱배송", "번창", "중독", "오미자", "청량감", "입", "얼음", "칼로리"]
    }
  ] ,
  "Reinwasser": [
    {
      "id": "taste",
      "num": "1",
      "review_01": ["맛", "맛", "맛", "레몬", "레몬", "레몬", "청", "청", "처음", "처음", "생수", "생수", "자몽", "자몽", "자몽", "행사", "행사", "여름", "여름", "에이드", "에이드", "플레인", "플레인", "플레인", "물", "물", "리뷰", "리뷰", "정착", "정착"],
      "review_02": ["레몬", "자몽", "플레인", "청", "처음", "생수", "과일", "매실", "마음", "느낌", "정제수", "유통기한", "행사", "여름", "에이드", "할인", "편이", "음료", "청량감", "집", "추천", "물", "리뷰", "정착", "하루", "기사", "비닐", "감사", "유지", "입"]

    },
    {
      "id": "price",
      "num": "2",
      "review_01": ["가격", "가격", "가격", "저렴하다", "저렴하다", "저렴하다", "제품", "제품", "재구매", "재구매", "빠르다", "빠르다", "박스", "박스", "박스", "자몽", "자몽", "유통기한", "유통기한", "기사", "기사", "가성비", "가성비", "가성비", "갑", "짱", "에이드", "에이드"],
      "review_02": ["저렴하다", "박스", "가성비", "제품", "재구매", "빠르다", "레몬", "최고", "의사", "플레인", "포장", "처음", "자몽", "유통기한", "기사", "청", "행사", "생각", "도착", "택배", "감사", "갑", "짱", "에이드", "양", "기분", "집", "과일"]
    },
    {
      "id": "coke",
      "num": "3",
      "review_01": ["탄산", "탄산", "탄산", "탄산수", "탄산수", "탄산수", "구매", "구매", "맛", "맛", "가격", "가격", "박스", "박스", "박스", "포장", "포장", "플레인", "플레인", "유통기한", "유통기한", "가성비", "가성비", "가성비", "최고", "최고", "갑", "빠르다", "빠르다"],
      "review_02": ["탄산수", "박스", "가성비", "구매", "맛", "가격", "배송", "제품", "레몬", "자몽", "저렴하다", "재구매", "포장", "플레인", "유통기한", "비닐", "도착", "처음", "청", "생각", "행사", "최고", "갑", "빠르다", "에이드", "청량감", "양", "마음", "생수"]
    },
    {
      "id": "dilivery",
      "num": "4",
      "review_01": ["배송", "배송", "배송", "박스", "박스", "박스", "포장", "포장", "레몬", "레몬", "플레인", "플레인", "가성비", "가성비", "가성비", "최고", "최고", "갑", "빠르다", "빠르다", "유통기한", "유통기한", "유통기한", "생각", "생각", "행사", "행사", "음료", "음료"],
      "review_02": ["박스", "가성비", "유통기한", "포장", "레몬", "플레인", "비닐", "도착", "자몽", "청", "처음", "생수", "최고", "갑", "빠르다", "에이드", "청량감", "양", "마음", "추천", "생각", "행사", "음료", "택배", "집", "할인", "편의점", "매실", "사용"]
    }
  ] ,
  "Seagram": [
    {
      "id": "taste",
      "num": "1",
      "review_01": ["맛", "맛", "맛", "레몬", "레몬", "레몬", "라임", "라임", "청", "청", "플레인", "플레인", "무라벨", "무라벨", "무라벨", "재활용", "재활용", "환경", "환경", "여름", "여름", "분리수거", "분리수거", "분리수거", "유통기한", "유통기한", "포장", "포장", "재구매", "재구매"],
      "review_02": ["레몬", "무라벨", "분리수거", "라임", "청", "플레인", "피치", "처음", "과일", "에이드", "애용", "추천", "재활용", "환경", "여름", "비닐", "생각", "마음", "분리", "음료", "필수", "유통기한", "포장", "재구매", "도착", "행사", "박스", "택배", "용량", "가성비"]
    },
    {
      "id": "price",
      "num": "2",
      "review_01": ["가격", "가격", "가격", "분리수거", "분리수거", "분리수거", "비닐", "비닐", "청", "청", "환경", "환경", "무라벨", "무라벨", "무라벨", "재활용", "재활용", "여름", "여름", "유통기한", "유통기한", "레몬", "레몬", "레몬", "라임", "라임", "플레인", "플레인", "상큼", "상큼"],
      "review_02": ["분리수거", "무라벨", "레몬", "비닐", "청", "환경", "박스", "생각", "과일", "에이드", "마음", "분리", "재활용", "여름", "유통기한", "음료", "배출", "필수", "최고", "도착", "행사", "라임", "플레인", "상큼", "피치", "처음", "애용", "추천", "매실", "중독"]
    },
    {
      "id": "coke",
      "num": "3",
      "review_01": ["탄산", "탄산", "탄산", "분리수거", "분리수거", "분리수거", "비닐", "비닐", "청", "청", "환경", "환경", "레몬", "레몬", "레몬", "라임", "라임", "플레인", "플레인", "상큼", "상큼", "무라벨", "무라벨", "무라벨", "재활용", "재활용", "여름", "여름", "유통기한", "유통기한"],
      "review_02": ["분리수거", "레몬", "무라벨", "비닐", "청", "환경", "박스", "생각", "과일", "에이드", "마음", "분리", "라임", "플레인", "상큼", "피치", "처음", "애용", "추천", "매실", "중독", "재활용", "여름", "유통기한", "음료", "용량", "필수", "최고", "도착", "행사"]
    },
    {
      "id": "dilivery",
      "num": "4",
      "review_01": ["배송", "배송", "배송", "탄산수", "탄산수", "탄산수", "탄산", "탄산", "맛", "맛", "레몬", "레몬", "분리수거", "분리수거", "분리수거", "비닐", "비닐", "환경", "환경", "유통기한", "유통기한", "무라벨", "무라벨", "무라벨", "재활용", "재활용", "여름", "여름", "용량", "용량"],
      "review_02": ["탄산수", "분리수거", "무라벨", "탄산", "맛", "레몬", "제품", "가격", "피치", "라임", "청", "플레인", "비닐", "환경", "유통기한", "박스", "생각", "마음", "분리", "도착", "행사", "재활용", "여름", "용량", "음료", "에이드", "필수", "최고", "기도", "마트"]
    }
  ]
}
